Year,Year Code,Race,Race Code,2013 Urbanization,2013 Urbanization Code,Deaths,Population,Crude Rate
1999,1999,American Indian or Alaska Native,1002-5,Medium Metro,3,11,272492,Unreliable
1999,1999,American Indian or Alaska Native,1002-5,Micropolitan (Nonmetro),5,23,248052,9.3
1999,1999,American Indian or Alaska Native,1002-5,NonCore (Nonmetro),6,15,234285,Unreliable
1999,1999,Asian or Pacific Islander,A-PI,Large Central Metro,1,90,3163187,2.8
1999,1999,Asian or Pacific Islander,A-PI,Large Fringe Metro,2,26,1276461,2.0
1999,1999,Asian or Pacific Islander,A-PI,Medium Metro,3,38,996735,3.8
1999,1999,Black or African American,2054-5,Large Central Metro,1,1143,8964560,12.8
1999,1999,Black or African American,2054-5,Large Fringe Metro,2,437,3627901,12.0
1999,1999,Black or African American,2054-5,Medium Metro,3,424,3247397,13.1
1999,1999,Black or African American,2054-5,Small Metro,4,164,1229440,13.3
1999,1999,Black or African American,2054-5,Micropolitan (Nonmetro),5,141,1046561,13.5
1999,1999,Black or African American,2054-5,NonCore (Nonmetro),6,96,862171,11.1
1999,1999,White,2106-3,Large Central Metro,1,1254,31478648,4.0
1999,1999,White,2106-3,Large Fringe Metro,2,909,28469752,3.2
1999,1999,White,2106-3,Medium Metro,3,840,24557112,3.4
1999,1999,White,2106-3,Small Metro,4,362,11498674,3.1
1999,1999,White,2106-3,Micropolitan (Nonmetro),5,357,11614390,3.1
1999,1999,White,2106-3,NonCore (Nonmetro),6,262,8373340,3.1
2000,2000,American Indian or Alaska Native,1002-5,Micropolitan (Nonmetro),5,15,260390,Unreliable
2000,2000,American Indian or Alaska Native,1002-5,NonCore (Nonmetro),6,22,249465,8.8
2000,2000,Asian or Pacific Islander,A-PI,Large Central Metro,1,90,3250470,2.8
2000,2000,Asian or Pacific Islander,A-PI,Large Fringe Metro,2,39,1333063,2.9
2000,2000,Asian or Pacific Islander,A-PI,Medium Metro,3,39,1020712,3.8
2000,2000,Black or African American,2054-5,Large Central Metro,1,1044,9019888,11.6
2000,2000,Black or African American,2054-5,Large Fringe Metro,2,454,3717951,12.2
2000,2000,Black or African American,2054-5,Medium Metro,3,413,3284161,12.6
2000,2000,Black or African American,2054-5,Small Metro,4,182,1242133,14.7
2000,2000,Black or African American,2054-5,Micropolitan (Nonmetro),5,119,1055274,11.3
2000,2000,Black or African American,2054-5,NonCore (Nonmetro),6,107,867873,12.3
2000,2000,White,2106-3,Large Central Metro,1,1195,31669641,3.8
2000,2000,White,2106-3,Large Fringe Metro,2,898,28736797,3.1
2000,2000,White,2106-3,Medium Metro,3,854,24710427,3.5
2000,2000,White,2106-3,Small Metro,4,411,11541733,3.6
2000,2000,White,2106-3,Micropolitan (Nonmetro),5,363,11626280,3.1
2000,2000,White,2106-3,NonCore (Nonmetro),6,226,8355846,2.7
2001,2001,American Indian or Alaska Native,1002-5,Large Central Metro,1,12,385792,Unreliable
2001,2001,American Indian or Alaska Native,1002-5,Micropolitan (Nonmetro),5,12,263665,Unreliable
2001,2001,American Indian or Alaska Native,1002-5,NonCore (Nonmetro),6,17,249703,Unreliable
2001,2001,Asian or Pacific Islander,A-PI,Large Central Metro,1,95,3421672,2.8
2001,2001,Asian or Pacific Islander,A-PI,Large Fringe Metro,2,34,1444370,2.4
2001,2001,Asian or Pacific Islander,A-PI,Medium Metro,3,38,1069413,3.6
2001,2001,Black or African American,2054-5,Large Central Metro,1,995,9101981,10.9
2001,2001,Black or African American,2054-5,Large Fringe Metro,2,453,3877234,11.7
2001,2001,Black or African American,2054-5,Medium Metro,3,427,3348040,12.8
2001,2001,Black or African American,2054-5,Small Metro,4,162,1261400,12.8
2001,2001,Black or African American,2054-5,Micropolitan (Nonmetro),5,129,1062140,12.1
2001,2001,Black or African American,2054-5,NonCore (Nonmetro),6,93,864729,10.8
2001,2001,White,2106-3,Large Central Metro,1,1137,31918252,3.6
2001,2001,White,2106-3,Large Fringe Metro,2,952,29151855,3.3
2001,2001,White,2106-3,Medium Metro,3,848,24965696,3.4
2001,2001,White,2106-3,Small Metro,4,378,11613721,3.3
2001,2001,White,2106-3,Micropolitan (Nonmetro),5,364,11634513,3.1
2001,2001,White,2106-3,NonCore (Nonmetro),6,261,8326030,3.1
2002,2002,American Indian or Alaska Native,1002-5,Large Fringe Metro,2,12,196645,Unreliable
2002,2002,American Indian or Alaska Native,1002-5,Micropolitan (Nonmetro),5,13,268251,Unreliable
2002,2002,American Indian or Alaska Native,1002-5,NonCore (Nonmetro),6,12,252052,Unreliable
2002,2002,Asian or Pacific Islander,A-PI,Large Central Metro,1,97,3551042,2.7
2002,2002,Asian or Pacific Islander,A-PI,Large Fringe Metro,2,48,1537585,3.1
2002,2002,Asian or Pacific Islander,A-PI,Medium Metro,3,46,1111103,4.1
2002,2002,Black or African American,2054-5,Large Central Metro,1,1050,9160404,11.5
2002,2002,Black or African American,2054-5,Large Fringe Metro,2,440,4008066,11.0
2002,2002,Black or African American,2054-5,Medium Metro,3,478,3399637,14.1
2002,2002,Black or African American,2054-5,Small Metro,4,186,1277828,14.6
2002,2002,Black or African American,2054-5,Micropolitan (Nonmetro),5,119,1064515,11.2
2002,2002,Black or African American,2054-5,NonCore (Nonmetro),6,90,860276,10.5
2002,2002,White,2106-3,Large Central Metro,1,1218,32019751,3.8
2002,2002,White,2106-3,Large Fringe Metro,2,954,29447823,3.2
2002,2002,White,2106-3,Medium Metro,3,843,25190292,3.3
2002,2002,White,2106-3,Small Metro,4,344,11696491,2.9
2002,2002,White,2106-3,Micropolitan (Nonmetro),5,375,11661455,3.2
2002,2002,White,2106-3,NonCore (Nonmetro),6,235,8322792,2.8
2003,2003,American Indian or Alaska Native,1002-5,Micropolitan (Nonmetro),5,15,272369,Unreliable
2003,2003,Asian or Pacific Islander,A-PI,Large Central Metro,1,112,3674611,3.0
2003,2003,Asian or Pacific Islander,A-PI,Large Fringe Metro,2,55,1627405,3.4
2003,2003,Asian or Pacific Islander,A-PI,Medium Metro,3,35,1153678,3.0
2003,2003,Asian or Pacific Islander,A-PI,Small Metro,4,13,271408,Unreliable
2003,2003,Black or African American,2054-5,Large Central Metro,1,1045,9205620,11.4
2003,2003,Black or African American,2054-5,Large Fringe Metro,2,447,4136354,10.8
2003,2003,Black or African American,2054-5,Medium Metro,3,422,3453354,12.2
2003,2003,Black or African American,2054-5,Small Metro,4,172,1294444,13.3
2003,2003,Black or African American,2054-5,Micropolitan (Nonmetro),5,112,1067619,10.5
2003,2003,Black or African American,2054-5,NonCore (Nonmetro),6,99,858030,11.5
2003,2003,White,2106-3,Large Central Metro,1,1285,32104021,4.0
2003,2003,White,2106-3,Large Fringe Metro,2,980,29728697,3.3
2003,2003,White,2106-3,Medium Metro,3,875,25412027,3.4
2003,2003,White,2106-3,Small Metro,4,409,11781009,3.5
2003,2003,White,2106-3,Micropolitan (Nonmetro),5,348,11696954,3.0
2003,2003,White,2106-3,NonCore (Nonmetro),6,261,8326913,3.1
2004,2004,American Indian or Alaska Native,1002-5,Large Central Metro,1,12,444098,Unreliable
2004,2004,American Indian or Alaska Native,1002-5,Large Fringe Metro,2,10,218471,Unreliable
2004,2004,American Indian or Alaska Native,1002-5,Medium Metro,3,13,333261,Unreliable
2004,2004,American Indian or Alaska Native,1002-5,Micropolitan (Nonmetro),5,10,277349,Unreliable
2004,2004,American Indian or Alaska Native,1002-5,NonCore (Nonmetro),6,13,258946,Unreliable
2004,2004,Asian or Pacific Islander,A-PI,Large Central Metro,1,107,3791475,2.8
2004,2004,Asian or Pacific Islander,A-PI,Large Fringe Metro,2,61,1715618,3.6
2004,2004,Asian or Pacific Islander,A-PI,Medium Metro,3,36,1199478,3.0
2004,2004,Black or African American,2054-5,Large Central Metro,1,1068,9248260,11.5
2004,2004,Black or African American,2054-5,Large Fringe Metro,2,493,4274218,11.5
2004,2004,Black or African American,2054-5,Medium Metro,3,469,3513489,13.3
2004,2004,Black or African American,2054-5,Small Metro,4,177,1314439,13.5
2004,2004,Black or African American,2054-5,Micropolitan (Nonmetro),5,128,1071521,11.9
2004,2004,Black or African American,2054-5,NonCore (Nonmetro),6,83,855402,9.7
2004,2004,White,2106-3,Large Central Metro,1,1244,32167367,3.9
2004,2004,White,2106-3,Large Fringe Metro,2,973,29990824,3.2
2004,2004,White,2106-3,Medium Metro,3,891,25651340,3.5
2004,2004,White,2106-3,Small Metro,4,373,11879484,3.1
2004,2004,White,2106-3,Micropolitan (Nonmetro),5,379,11738558,3.2
2004,2004,White,2106-3,NonCore (Nonmetro),6,258,8330111,3.1
2005,2005,American Indian or Alaska Native,1002-5,Micropolitan (Nonmetro),5,22,282594,7.8
2005,2005,American Indian or Alaska Native,1002-5,NonCore (Nonmetro),6,16,260526,Unreliable
2005,2005,Asian or Pacific Islander,A-PI,Large Central Metro,1,111,3916267,2.8
2005,2005,Asian or Pacific Islander,A-PI,Large Fringe Metro,2,57,1810408,3.1
2005,2005,Asian or Pacific Islander,A-PI,Medium Metro,3,49,1243054,3.9
2005,2005,Asian or Pacific Islander,A-PI,Micropolitan (Nonmetro),5,11,194687,Unreliable
2005,2005,Black or African American,2054-5,Large Central Metro,1,1133,9291838,12.2
2005,2005,Black or African American,2054-5,Large Fringe Metro,2,483,4413445,10.9
2005,2005,Black or African American,2054-5,Medium Metro,3,458,3576197,12.8
2005,2005,Black or African American,2054-5,Small Metro,4,185,1335837,13.8
2005,2005,Black or African American,2054-5,Micropolitan (Nonmetro),5,128,1078283,11.9
2005,2005,Black or African American,2054-5,NonCore (Nonmetro),6,102,855432,11.9
2005,2005,White,2106-3,Large Central Metro,1,1307,32232560,4.1
2005,2005,White,2106-3,Large Fringe Metro,2,965,30243031,3.2
2005,2005,White,2106-3,Medium Metro,3,922,25908008,3.6
2005,2005,White,2106-3,Small Metro,4,439,11979089,3.7
2005,2005,White,2106-3,Micropolitan (Nonmetro),5,428,11780895,3.6
2005,2005,White,2106-3,NonCore (Nonmetro),6,272,8336135,3.3
2006,2006,American Indian or Alaska Native,1002-5,Micropolitan (Nonmetro),5,23,287816,8.0
2006,2006,American Indian or Alaska Native,1002-5,NonCore (Nonmetro),6,11,265427,Unreliable
2006,2006,Asian or Pacific Islander,A-PI,Large Central Metro,1,118,4049554,2.9
2006,2006,Asian or Pacific Islander,A-PI,Large Fringe Metro,2,56,1903846,2.9
2006,2006,Asian or Pacific Islander,A-PI,Medium Metro,3,50,1286848,3.9
2006,2006,Black or African American,2054-5,Large Central Metro,1,1154,9289713,12.4
2006,2006,Black or African American,2054-5,Large Fringe Metro,2,513,4557560,11.3
2006,2006,Black or African American,2054-5,Medium Metro,3,493,3673400,13.4
2006,2006,Black or African American,2054-5,Small Metro,4,181,1369423,13.2
2006,2006,Black or African American,2054-5,Micropolitan (Nonmetro),5,124,1090925,11.4
2006,2006,Black or African American,2054-5,NonCore (Nonmetro),6,104,859447,12.1
2006,2006,White,2106-3,Large Central Metro,1,1301,32309814,4.0
2006,2006,White,2106-3,Large Fringe Metro,2,996,30471708,3.3
2006,2006,White,2106-3,Medium Metro,3,893,26174242,3.4
2006,2006,White,2106-3,Small Metro,4,410,12103662,3.4
2006,2006,White,2106-3,Micropolitan (Nonmetro),5,388,11845099,3.3
2006,2006,White,2106-3,NonCore (Nonmetro),6,250,8345679,3.0
2007,2007,American Indian or Alaska Native,1002-5,Large Central Metro,1,15,514776,Unreliable
2007,2007,American Indian or Alaska Native,1002-5,Small Metro,4,10,201818,Unreliable
2007,2007,American Indian or Alaska Native,1002-5,Micropolitan (Nonmetro),5,30,294512,10.2
2007,2007,American Indian or Alaska Native,1002-5,NonCore (Nonmetro),6,24,269518,8.9
2007,2007,Asian or Pacific Islander,A-PI,Large Central Metro,1,111,4185504,2.7
2007,2007,Asian or Pacific Islander,A-PI,Large Fringe Metro,2,57,1993141,2.9
2007,2007,Asian or Pacific Islander,A-PI,Medium Metro,3,49,1329251,3.7
2007,2007,Asian or Pacific Islander,A-PI,Small Metro,4,14,319722,Unreliable
2007,2007,Black or African American,2054-5,Large Central Metro,1,1081,9354208,11.6
2007,2007,Black or African American,2054-5,Large Fringe Metro,2,503,4688203,10.7
2007,2007,Black or African American,2054-5,Medium Metro,3,471,3747588,12.6
2007,2007,Black or African American,2054-5,Small Metro,4,181,1394318,13.0
2007,2007,Black or African American,2054-5,Micropolitan (Nonmetro),5,123,1099393,11.2
2007,2007,Black or African American,2054-5,NonCore (Nonmetro),6,98,858718,11.4
2007,2007,White,2106-3,Large Central Metro,1,1289,32447899,4.0
2007,2007,White,2106-3,Large Fringe Metro,2,985,30708805,3.2
2007,2007,White,2106-3,Medium Metro,3,991,26425698,3.8
2007,2007,White,2106-3,Small Metro,4,411,12203750,3.4
2007,2007,White,2106-3,Micropolitan (Nonmetro),5,385,11889996,3.2
2007,2007,White,2106-3,NonCore (Nonmetro),6,295,8350944,3.5
2008,2008,American Indian or Alaska Native,1002-5,Medium Metro,3,13,392720,Unreliable
2008,2008,American Indian or Alaska Native,1002-5,Micropolitan (Nonmetro),5,19,301172,Unreliable
2008,2008,American Indian or Alaska Native,1002-5,NonCore (Nonmetro),6,18,273535,Unreliable
2008,2008,Asian or Pacific Islander,A-PI,Large Central Metro,1,121,4327536,2.8
2008,2008,Asian or Pacific Islander,A-PI,Large Fringe Metro,2,65,2081309,3.1
2008,2008,Asian or Pacific Islander,A-PI,Medium Metro,3,36,1368395,2.6
2008,2008,Asian or Pacific Islander,A-PI,Small Metro,4,18,330849,Unreliable
2008,2008,Black or African American,2054-5,Large Central Metro,1,1051,9432970,11.1
2008,2008,Black or African American,2054-5,Large Fringe Metro,2,480,4804081,10.0
2008,2008,Black or African American,2054-5,Medium Metro,3,459,3816852,12.0
2008,2008,Black or African American,2054-5,Small Metro,4,168,1420119,11.8
2008,2008,Black or African American,2054-5,Micropolitan (Nonmetro),5,110,1110416,9.9
2008,2008,Black or African American,2054-5,NonCore (Nonmetro),6,97,861578,11.3
2008,2008,White,2106-3,Large Central Metro,1,1214,32649926,3.7
2008,2008,White,2106-3,Large Fringe Metro,2,923,30936388,3.0
2008,2008,White,2106-3,Medium Metro,3,908,26642786,3.4
2008,2008,White,2106-3,Small Metro,4,399,12292608,3.2
2008,2008,White,2106-3,Micropolitan (Nonmetro),5,419,11929592,3.5
2008,2008,White,2106-3,NonCore (Nonmetro),6,260,8346604,3.1
2009,2009,American Indian or Alaska Native,1002-5,Medium Metro,3,15,408463,Unreliable
2009,2009,American Indian or Alaska Native,1002-5,Micropolitan (Nonmetro),5,16,307371,Unreliable
2009,2009,American Indian or Alaska Native,1002-5,NonCore (Nonmetro),6,18,278470,Unreliable
2009,2009,Asian or Pacific Islander,A-PI,Large Central Metro,1,115,4461786,2.6
2009,2009,Asian or Pacific Islander,A-PI,Large Fringe Metro,2,58,2165147,2.7
2009,2009,Asian or Pacific Islander,A-PI,Medium Metro,3,50,1409001,3.5
2009,2009,Asian or Pacific Islander,A-PI,Micropolitan (Nonmetro),5,11,217462,Unreliable
2009,2009,Black or African American,2054-5,Large Central Metro,1,1046,9532604,11.0
2009,2009,Black or African American,2054-5,Large Fringe Metro,2,436,4917922,8.9
2009,2009,Black or African American,2054-5,Medium Metro,3,480,3882844,12.4
2009,2009,Black or African American,2054-5,Small Metro,4,169,1444176,11.7
2009,2009,Black or African American,2054-5,Micropolitan (Nonmetro),5,99,1114107,8.9
2009,2009,Black or African American,2054-5,NonCore (Nonmetro),6,96,852863,11.3
2009,2009,White,2106-3,Large Central Metro,1,1190,32896327,3.6
2009,2009,White,2106-3,Large Fringe Metro,2,912,31116657,2.9
2009,2009,White,2106-3,Medium Metro,3,912,26832542,3.4
2009,2009,White,2106-3,Small Metro,4,339,12369060,2.7
2009,2009,White,2106-3,Micropolitan (Nonmetro),5,420,11957107,3.5
2009,2009,White,2106-3,NonCore (Nonmetro),6,265,8334304,3.2
2010,2010,American Indian or Alaska Native,1002-5,Medium Metro,3,11,420910,Unreliable
2010,2010,American Indian or Alaska Native,1002-5,Micropolitan (Nonmetro),5,13,312242,Unreliable
2010,2010,American Indian or Alaska Native,1002-5,NonCore (Nonmetro),6,22,282114,7.8
2010,2010,Asian or Pacific Islander,A-PI,Large Central Metro,1,104,4561270,2.3
2010,2010,Asian or Pacific Islander,A-PI,Large Fringe Metro,2,58,2227166,2.6
2010,2010,Asian or Pacific Islander,A-PI,Medium Metro,3,52,1441480,3.6
2010,2010,Asian or Pacific Islander,A-PI,Small Metro,4,12,349326,Unreliable
2010,2010,Black or African American,2054-5,Large Central Metro,1,933,9607694,9.7
2010,2010,Black or African American,2054-5,Large Fringe Metro,2,453,4997935,9.1
2010,2010,Black or African American,2054-5,Medium Metro,3,379,3928518,9.6
2010,2010,Black or African American,2054-5,Small Metro,4,142,1459828,9.7
2010,2010,Black or African American,2054-5,Micropolitan (Nonmetro),5,89,1118553,8.0
2010,2010,Black or African American,2054-5,NonCore (Nonmetro),6,83,852114,9.7
2010,2010,White,2106-3,Large Central Metro,1,1125,33050810,3.4
2010,2010,White,2106-3,Large Fringe Metro,2,835,31258968,2.7
2010,2010,White,2106-3,Medium Metro,3,827,26971619,3.1
2010,2010,White,2106-3,Small Metro,4,368,12419958,3.0
2010,2010,White,2106-3,Micropolitan (Nonmetro),5,371,11979550,3.1
2010,2010,White,2106-3,NonCore (Nonmetro),6,258,8338946,3.1
2011,2011,American Indian or Alaska Native,1002-5,Large Central Metro,1,10,605942,Unreliable
2011,2011,American Indian or Alaska Native,1002-5,Large Fringe Metro,2,12,302688,Unreliable
2011,2011,American Indian or Alaska Native,1002-5,Medium Metro,3,10,431205,Unreliable
2011,2011,American Indian or Alaska Native,1002-5,Small Metro,4,10,222838,Unreliable
2011,2011,American Indian or Alaska Native,1002-5,Micropolitan (Nonmetro),5,14,315384,Unreliable
2011,2011,American Indian or Alaska Native,1002-5,NonCore (Nonmetro),6,15,283312,Unreliable
2011,2011,Asian or Pacific Islander,A-PI,Large Central Metro,1,112,4666595,2.4
2011,2011,Asian or Pacific Islander,A-PI,Large Fringe Metro,2,72,2299789,3.1
2011,2011,Asian or Pacific Islander,A-PI,Medium Metro,3,40,1476488,2.7
2011,2011,Asian or Pacific Islander,A-PI,Small Metro,4,10,365164,Unreliable
2011,2011,Black or African American,2054-5,Large Central Metro,1,924,9665410,9.6
2011,2011,Black or African American,2054-5,Large Fringe Metro,2,460,5101834,9.0
2011,2011,Black or African American,2054-5,Medium Metro,3,378,3997461,9.5
2011,2011,Black or African American,2054-5,Small Metro,4,157,1487898,10.6
2011,2011,Black or African American,2054-5,Micropolitan (Nonmetro),5,112,1142549,9.8
2011,2011,Black or African American,2054-5,NonCore (Nonmetro),6,75,865691,8.7
2011,2011,White,2106-3,Large Central Metro,1,1106,33430578,3.3
2011,2011,White,2106-3,Large Fringe Metro,2,838,31457126,2.7
2011,2011,White,2106-3,Medium Metro,3,864,27156697,3.2
2011,2011,White,2106-3,Small Metro,4,379,12464162,3.0
2011,2011,White,2106-3,Micropolitan (Nonmetro),5,405,11966552,3.4
2011,2011,White,2106-3,NonCore (Nonmetro),6,270,8298081,3.3
2012,2012,American Indian or Alaska Native,1002-5,Large Central Metro,1,10,611871,Unreliable
2012,2012,American Indian or Alaska Native,1002-5,Medium Metro,3,12,435991,Unreliable
2012,2012,American Indian or Alaska Native,1002-5,Small Metro,4,12,226240,Unreliable
2012,2012,American Indian or Alaska Native,1002-5,Micropolitan (Nonmetro),5,16,319432,Unreliable
2012,2012,American Indian or Alaska Native,1002-5,NonCore (Nonmetro),6,23,287405,8.0
2012,2012,Asian or Pacific Islander,A-PI,Large Central Metro,1,126,4837659,2.6
2012,2012,Asian or Pacific Islander,A-PI,Large Fringe Metro,2,65,2395317,2.7
2012,2012,Asian or Pacific Islander,A-PI,Medium Metro,3,40,1515731,2.6
2012,2012,Asian or Pacific Islander,A-PI,Small Metro,4,11,375191,Unreliable
2012,2012,Black or African American,2054-5,Large Central Metro,1,897,9796191,9.2
2012,2012,Black or African American,2054-5,Large Fringe Metro,2,448,5186979,8.6
2012,2012,Black or African American,2054-5,Medium Metro,3,389,4043947,9.6
2012,2012,Black or African American,2054-5,Small Metro,4,162,1496116,10.8
2012,2012,Black or African American,2054-5,Micropolitan (Nonmetro),5,95,1139782,8.3
2012,2012,Black or African American,2054-5,NonCore (Nonmetro),6,67,853936,7.8
2012,2012,White,2106-3,Large Central Metro,1,1100,33672330,3.3
2012,2012,White,2106-3,Large Fringe Metro,2,852,31613551,2.7
2012,2012,White,2106-3,Medium Metro,3,882,27289143,3.2
2012,2012,White,2106-3,Small Metro,4,385,12503133,3.1
2012,2012,White,2106-3,Micropolitan (Nonmetro),5,378,11950598,3.2
2012,2012,White,2106-3,NonCore (Nonmetro),6,242,8258719,2.9
2013,2013,American Indian or Alaska Native,1002-5,Micropolitan (Nonmetro),5,10,324391,Unreliable
2013,2013,American Indian or Alaska Native,1002-5,NonCore (Nonmetro),6,21,290064,7.2
2013,2013,Asian or Pacific Islander,A-PI,Large Central Metro,1,125,4974328,2.5
2013,2013,Asian or Pacific Islander,A-PI,Large Fringe Metro,2,61,2484971,2.5
2013,2013,Asian or Pacific Islander,A-PI,Medium Metro,3,44,1551535,2.8
2013,2013,Asian or Pacific Islander,A-PI,Micropolitan (Nonmetro),5,13,245624,Unreliable
2013,2013,Black or African American,2054-5,Large Central Metro,1,930,9860084,9.4
2013,2013,Black or African American,2054-5,Large Fringe Metro,2,438,5296514,8.3
2013,2013,Black or African American,2054-5,Medium Metro,3,438,4091176,10.7
2013,2013,Black or African American,2054-5,Small Metro,4,174,1513284,11.5
2013,2013,Black or African American,2054-5,Micropolitan (Nonmetro),5,134,1145772,11.7
2013,2013,Black or African American,2054-5,NonCore (Nonmetro),6,90,854700,10.5
2013,2013,White,2106-3,Large Central Metro,1,1199,33928987,3.5
2013,2013,White,2106-3,Large Fringe Metro,2,886,31759432,2.8
2013,2013,White,2106-3,Medium Metro,3,887,27409422,3.2
2013,2013,White,2106-3,Small Metro,4,373,12527938,3.0
2013,2013,White,2106-3,Micropolitan (Nonmetro),5,375,11927628,3.1
2013,2013,White,2106-3,NonCore (Nonmetro),6,268,8231811,3.3
2014,2014,American Indian or Alaska Native,1002-5,Large Central Metro,1,12,627794,Unreliable
2014,2014,American Indian or Alaska Native,1002-5,Medium Metro,3,11,450659,Unreliable
2014,2014,American Indian or Alaska Native,1002-5,Micropolitan (Nonmetro),5,22,329268,6.7
2014,2014,American Indian or Alaska Native,1002-5,NonCore (Nonmetro),6,21,292579,7.2
2014,2014,Asian or Pacific Islander,A-PI,Large Central Metro,1,117,5177673,2.3
2014,2014,Asian or Pacific Islander,A-PI,Large Fringe Metro,2,67,2602559,2.6
2014,2014,Asian or Pacific Islander,A-PI,Medium Metro,3,59,1601537,3.7
2014,2014,Asian or Pacific Islander,A-PI,Small Metro,4,18,404250,Unreliable
2014,2014,Black or African American,2054-5,Large Central Metro,1,867,9968860,8.7
2014,2014,Black or African American,2054-5,Large Fringe Metro,2,475,5416766,8.8
2014,2014,Black or African American,2054-5,Medium Metro,3,436,4147748,10.5
2014,2014,Black or African American,2054-5,Small Metro,4,174,1531663,11.4
2014,2014,Black or African American,2054-5,Micropolitan (Nonmetro),5,110,1150370,9.6
2014,2014,Black or African American,2054-5,NonCore (Nonmetro),6,74,853336,8.7
2014,2014,White,2106-3,Large Central Metro,1,1053,34263043,3.1
2014,2014,White,2106-3,Large Fringe Metro,2,817,31962368,2.6
2014,2014,White,2106-3,Medium Metro,3,930,27575882,3.4
2014,2014,White,2106-3,Small Metro,4,378,12570220,3.0
2014,2014,White,2106-3,Micropolitan (Nonmetro),5,395,11917772,3.3
2014,2014,White,2106-3,NonCore (Nonmetro),6,258,8198541,3.1
2015,2015,American Indian or Alaska Native,1002-5,Medium Metro,3,12,457518,Unreliable
2015,2015,American Indian or Alaska Native,1002-5,Micropolitan (Nonmetro),5,21,334526,6.3
2015,2015,American Indian or Alaska Native,1002-5,NonCore (Nonmetro),6,23,295286,7.8
2015,2015,Asian or Pacific Islander,A-PI,Large Central Metro,1,134,5361513,2.5
2015,2015,Asian or Pacific Islander,A-PI,Large Fringe Metro,2,61,2708804,2.3
2015,2015,Asian or Pacific Islander,A-PI,Medium Metro,3,60,1651194,3.6
2015,2015,Asian or Pacific Islander,A-PI,Small Metro,4,11,418883,Unreliable
2015,2015,Asian or Pacific Islander,A-PI,Micropolitan (Nonmetro),5,11,262279,Unreliable
2015,2015,Black or African American,2054-5,Large Central Metro,1,882,10056322,8.8
2015,2015,Black or African American,2054-5,Large Fringe Metro,2,483,5532300,8.7
2015,2015,Black or African American,2054-5,Medium Metro,3,426,4202720,10.1
2015,2015,Black or African American,2054-5,Small Metro,4,178,1546968,11.5
2015,2015,Black or African American,2054-5,Micropolitan (Nonmetro),5,118,1155106,10.2
2015,2015,Black or African American,2054-5,NonCore (Nonmetro),6,78,851713,9.2
2015,2015,White,2106-3,Large Central Metro,1,1084,34515751,3.1
2015,2015,White,2106-3,Large Fringe Metro,2,828,32135228,2.6
2015,2015,White,2106-3,Medium Metro,3,911,27750066,3.3
2015,2015,White,2106-3,Small Metro,4,354,12607901,2.8
2015,2015,White,2106-3,Micropolitan (Nonmetro),5,396,11905368,3.3
2015,2015,White,2106-3,NonCore (Nonmetro),6,263,8170552,3.2
2016,2016,American Indian or Alaska Native,1002-5,Medium Metro,3,12,463998,Unreliable
2016,2016,American Indian or Alaska Native,1002-5,Micropolitan (Nonmetro),5,10,339607,Unreliable
2016,2016,American Indian or Alaska Native,1002-5,NonCore (Nonmetro),6,19,302327,Unreliable
2016,2016,Asian or Pacific Islander,A-PI,Large Central Metro,1,149,5453534,2.7
2016,2016,Asian or Pacific Islander,A-PI,Large Fringe Metro,2,55,2770332,2.0
2016,2016,Asian or Pacific Islander,A-PI,Medium Metro,3,66,1678181,3.9
2016,2016,Asian or Pacific Islander,A-PI,Small Metro,4,18,427782,Unreliable
2016,2016,Asian or Pacific Islander,A-PI,Micropolitan (Nonmetro),5,10,265173,Unreliable
2016,2016,Black or African American,2054-5,Large Central Metro,1,866,10138475,8.5
2016,2016,Black or African American,2054-5,Large Fringe Metro,2,478,5625357,8.5
2016,2016,Black or African American,2054-5,Medium Metro,3,447,4245475,10.5
2016,2016,Black or African American,2054-5,Small Metro,4,173,1560247,11.1
2016,2016,Black or African American,2054-5,Micropolitan (Nonmetro),5,132,1149796,11.5
2016,2016,Black or African American,2054-5,NonCore (Nonmetro),6,74,843782,8.8
2016,2016,White,2106-3,Large Central Metro,1,1074,34605135,3.1
2016,2016,White,2106-3,Large Fringe Metro,2,816,32295272,2.5
2016,2016,White,2106-3,Medium Metro,3,843,27922436,3.0
2016,2016,White,2106-3,Small Metro,4,406,12644790,3.2
2016,2016,White,2106-3,Micropolitan (Nonmetro),5,392,11897697,3.3
2016,2016,White,2106-3,NonCore (Nonmetro),6,249,8138892,3.1
2017,2017,American Indian or Alaska Native,1002-5,Micropolitan (Nonmetro),5,28,340715,8.2
2017,2017,American Indian or Alaska Native,1002-5,NonCore (Nonmetro),6,24,303254,7.9
2017,2017,Asian or Pacific Islander,A-PI,Large Central Metro,1,127,5650857,2.2
2017,2017,Asian or Pacific Islander,A-PI,Large Fringe Metro,2,77,2882082,2.7
2017,2017,Asian or Pacific Islander,A-PI,Medium Metro,3,60,1727265,3.5
2017,2017,Asian or Pacific Islander,A-PI,Micropolitan (Nonmetro),5,15,270420,Unreliable
2017,2017,Black or African American,2054-5,Large Central Metro,1,855,10232709,8.4
2017,2017,Black or African American,2054-5,Large Fringe Metro,2,432,5745953,7.5
2017,2017,Black or African American,2054-5,Medium Metro,3,396,4304786,9.2
2017,2017,Black or African American,2054-5,Small Metro,4,163,1580026,10.3
2017,2017,Black or African American,2054-5,Micropolitan (Nonmetro),5,118,1153058,10.2
2017,2017,Black or African American,2054-5,NonCore (Nonmetro),6,69,841840,8.2
2017,2017,White,2106-3,Large Central Metro,1,971,34826351,2.8
2017,2017,White,2106-3,Large Fringe Metro,2,796,32467036,2.5
2017,2017,White,2106-3,Medium Metro,3,856,28077591,3.0
2017,2017,White,2106-3,Small Metro,4,353,12681984,2.8
2017,2017,White,2106-3,Micropolitan (Nonmetro),5,361,11890527,3.0
2017,2017,White,2106-3,NonCore (Nonmetro),6,274,8122080,3.4
2018,2018,American Indian or Alaska Native,1002-5,Large Central Metro,1,13,644282,Unreliable
2018,2018,American Indian or Alaska Native,1002-5,Medium Metro,3,10,477262,Unreliable
2018,2018,American Indian or Alaska Native,1002-5,Small Metro,4,12,247476,Unreliable
2018,2018,American Indian or Alaska Native,1002-5,Micropolitan (Nonmetro),5,15,344562,Unreliable
2018,2018,American Indian or Alaska Native,1002-5,NonCore (Nonmetro),6,12,306576,Unreliable
2018,2018,Asian or Pacific Islander,A-PI,Large Central Metro,1,138,5730301,2.4
2018,2018,Asian or Pacific Islander,A-PI,Large Fringe Metro,2,74,2952016,2.5
2018,2018,Asian or Pacific Islander,A-PI,Medium Metro,3,53,1751297,3.0
2018,2018,Asian or Pacific Islander,A-PI,Small Metro,4,10,451200,Unreliable
2018,2018,Black or African American,2054-5,Large Central Metro,1,737,10244716,7.2
2018,2018,Black or African American,2054-5,Large Fringe Metro,2,426,5847291,7.3
2018,2018,Black or African American,2054-5,Medium Metro,3,397,4357613,9.1
2018,2018,Black or African American,2054-5,Small Metro,4,165,1600883,10.3
2018,2018,Black or African American,2054-5,Micropolitan (Nonmetro),5,95,1155722,8.2
2018,2018,Black or African American,2054-5,NonCore (Nonmetro),6,68,839377,8.1
2018,2018,White,2106-3,Large Central Metro,1,930,34845493,2.7
2018,2018,White,2106-3,Large Fringe Metro,2,758,32579545,2.3
2018,2018,White,2106-3,Medium Metro,3,817,28221706,2.9
2018,2018,White,2106-3,Small Metro,4,304,12735317,2.4
2018,2018,White,2106-3,Micropolitan (Nonmetro),5,344,11893232,2.9
2018,2018,White,2106-3,NonCore (Nonmetro),6,207,8109735,2.6
2019,2019,American Indian or Alaska Native,1002-5,Small Metro,4,13,250378,Unreliable
2019,2019,American Indian or Alaska Native,1002-5,Micropolitan (Nonmetro),5,25,347814,7.2
2019,2019,American Indian or Alaska Native,1002-5,NonCore (Nonmetro),6,21,308621,6.8
2019,2019,Asian or Pacific Islander,A-PI,Large Central Metro,1,127,5772592,2.2
2019,2019,Asian or Pacific Islander,A-PI,Large Fringe Metro,2,66,3003791,2.2
2019,2019,Asian or Pacific Islander,A-PI,Medium Metro,3,52,1761178,3.0
2019,2019,Asian or Pacific Islander,A-PI,Micropolitan (Nonmetro),5,11,276343,Unreliable
2019,2019,Black or African American,2054-5,Large Central Metro,1,807,10265577,7.9
2019,2019,Black or African American,2054-5,Large Fringe Metro,2,432,5948177,7.3
2019,2019,Black or African American,2054-5,Medium Metro,3,388,4403916,8.8
2019,2019,Black or African American,2054-5,Small Metro,4,161,1611271,10.0
2019,2019,Black or African American,2054-5,Micropolitan (Nonmetro),5,116,1156602,10.0
2019,2019,Black or African American,2054-5,NonCore (Nonmetro),6,81,835032,9.7
2019,2019,White,2106-3,Large Central Metro,1,948,34857960,2.7
2019,2019,White,2106-3,Large Fringe Metro,2,735,32687144,2.2
2019,2019,White,2106-3,Medium Metro,3,730,28341045,2.6
2019,2019,White,2106-3,Small Metro,4,326,12761807,2.6
2019,2019,White,2106-3,Micropolitan (Nonmetro),5,361,11887347,3.0
2019,2019,White,2106-3,NonCore (Nonmetro),6,227,8088842,2.8
2020,2020,American Indian or Alaska Native,1002-5,Large Central Metro,1,12,663737,Unreliable
2020,2020,American Indian or Alaska Native,1002-5,Micropolitan (Nonmetro),5,12,352815,Unreliable
2020,2020,American Indian or Alaska Native,1002-5,NonCore (Nonmetro),6,18,310271,Unreliable
2020,2020,Asian or Pacific Islander,A-PI,Large Central Metro,1,95,5898187,1.6
2020,2020,Asian or Pacific Islander,A-PI,Large Fringe Metro,2,65,3116058,2.1
2020,2020,Asian or Pacific Islander,A-PI,Medium Metro,3,37,1795948,2.1
2020,2020,Black or African American,2054-5,Large Central Metro,1,748,10326695,7.2
2020,2020,Black or African American,2054-5,Large Fringe Metro,2,394,6082082,6.5
2020,2020,Black or African American,2054-5,Medium Metro,3,428,4475482,9.6
2020,2020,Black or African American,2054-5,Small Metro,4,172,1636417,10.5
2020,2020,Black or African American,2054-5,Micropolitan (Nonmetro),5,107,1161781,9.2
2020,2020,Black or African American,2054-5,NonCore (Nonmetro),6,77,831852,9.3
2020,2020,White,2106-3,Large Central Metro,1,901,34715480,2.6
2020,2020,White,2106-3,Large Fringe Metro,2,736,32732267,2.2
2020,2020,White,2106-3,Medium Metro,3,761,28440146,2.7
2020,2020,White,2106-3,Small Metro,4,375,12791019,2.9
2020,2020,White,2106-3,Micropolitan (Nonmetro),5,338,11879121,2.8
2020,2020,White,2106-3,NonCore (Nonmetro),6,257,8067501,3.2
,,,,,,,,
,,,,,,,,
,,,,,,,,
,,,,,,,,
,,,,,,,,
,,,,,,,,
,,,,,,,,
,,,,,,,,
,,,,,,,,
,,,,,,,,
,,,,,,,,
,,,,,,,,
,,,,,,,,
,,,,,,,,
,,,,,,,,
,,,,,,,,
,,,,,,,,
,,,,,,,,
,,,,,,,,
,,,,,,,,
,,,,,,,,
,,,,,,,,
,,,,,,,,
,,,,,,,,
,,,,,,,,
,,,,,,,,
,,,,,,,,
,,,,,,,,
,,,,,,,,
,,,,,,,,
,,,,,,,,
,,,,,,,,
,,,,,,,,
,,,,,,,,
,,,,,,,,
,,,,,,,,
,,,,,,,,
,,,,,,,,
,,,,,,,,
,,,,,,,,
,,,,,,,,
,,,,,,,,
,,,,,,,,
,,,,,,,,
,,,,,,,,
,,,,,,,,
,,,,,,,,
,,,,,,,,
,,,,,,,,
,,,,,,,,
,,,,,,,,
,,,,,,,,
,,,,,,,,
,,,,,,,,
,,,,,,,,
,,,,,,,,
,,,,,,,,
,,,,,,,,
,,,,,,,,
,,,,,,,,
,,,,,,,,
,,,,,,,,
,,,,,,,,
,,,,,,,,
,,,,,,,,
,,,,,,,,
,,,,,,,,
,,,,,,,,
,,,,,,,,
,,,,,,,,
,,,,,,,,
,,,,,,,,
,,,,,,,,
,,,,,,,,
,,,,,,,,
,,,,,,,,
